objectid,filename,title,creator,date,description,subjects,location,source,format,type,identifier,language,rights,rightsstatement
ld1.pdf,ld1.pdf,1992 Hawk Mountain Release,Carolina Raptor Center,1992,"Raptor release at Hawk Mountain, NC.",raptors; wildlife; conservation,"Huntersville, NC; USA.",Carolina Raptor Center archives. carolinaraptorcenter.org.,application/pdf,Image;StillImage,ld1,eng,"This Item is protected by copyright and/or related rights. You are free to use this Item in any way that is permitted by the copyright and related rights legislation that applies to your use. In addition, no permission is required from the rights-holder(s) for educational uses. For other uses, you need to obtain permission from the rights-holder(s).",https://rightsstatements.org/page/InC-EDU/1.0/?language=en
ld2.pdf,ld2.pdf,Black Mountain 1989,Carolina Raptor Center,1989,"Outreach at nature event in Black Mountain, NC.",raptors; wildlife; conservation,"Huntersville, NC; USA.",Carolina Raptor Center archives. carolinaraptorcenter.org.,application/pdf,Image;StillImage,ld2,eng,"This Item is protected by copyright and/or related rights. You are free to use this Item in any way that is permitted by the copyright and related rights legislation that applies to your use. In addition, no permission is required from the rights-holder(s) for educational uses. For other uses, you need to obtain permission from the rights-holder(s).",https://rightsstatements.org/page/InC-EDU/1.0/?language=en
ld3.pdf,ld3.pdf,Black Mountain CEWE 1992,Carolina Raptor Center,1992,"Raptor presentation at CEWE conference in Black Mountain, NC.",raptors; wildlife; conservation,"Huntersville, NC; USA.",Carolina Raptor Center archives. carolinaraptorcenter.org.,application/pdf,Image;StillImage,ld3,eng,"This Item is protected by copyright and/or related rights. You are free to use this Item in any way that is permitted by the copyright and related rights legislation that applies to your use. In addition, no permission is required from the rights-holder(s) for educational uses. For other uses, you need to obtain permission from the rights-holder(s).",https://rightsstatements.org/page/InC-EDU/1.0/?language=en
ld4.pdf,ld4.pdf,"Black Mountain October 21-22, 1989",Carolina Raptor Center,1989,"Outreach at nature event in Black Mountain, NC.",raptors; wildlife; conservation,"Huntersville, NC; USA.",Carolina Raptor Center archives. carolinaraptorcenter.org.,application/pdf,Image;StillImage,ld4,eng,"This Item is protected by copyright and/or related rights. You are free to use this Item in any way that is permitted by the copyright and related rights legislation that applies to your use. In addition, no permission is required from the rights-holder(s) for educational uses. For other uses, you need to obtain permission from the rights-holder(s).",https://rightsstatements.org/page/InC-EDU/1.0/?language=en
ld5.pdf,ld5.pdf,Building New Facility 1992,Carolina Raptor Center,1992,"Building a new CRC facility on the Latta Nature Preserve in Huntersville, NC.",raptors; wildlife; conservation,"Huntersville, NC; USA.",Carolina Raptor Center archives. carolinaraptorcenter.org.,application/pdf,Image;StillImage,ld5,eng,"This Item is protected by copyright and/or related rights. You are free to use this Item in any way that is permitted by the copyright and related rights legislation that applies to your use. In addition, no permission is required from the rights-holder(s) for educational uses. For other uses, you need to obtain permission from the rights-holder(s).",https://rightsstatements.org/page/InC-EDU/1.0/?language=en
ld6.pdf,ld6.pdf,Duke Power Construction December 1995-January1996,Carolina Raptor Center,1995-1996,"Duke Power doing construction at CRC in Huntersville, NC.",raptors; wildlife; conservation,"Huntersville, NC; USA.",Carolina Raptor Center archives. carolinaraptorcenter.org.,application/pdf,Image;StillImage,ld6,eng,"This Item is protected by copyright and/or related rights. You are free to use this Item in any way that is permitted by the copyright and related rights legislation that applies to your use. In addition, no permission is required from the rights-holder(s) for educational uses. For other uses, you need to obtain permission from the rights-holder(s).",https://rightsstatements.org/page/InC-EDU/1.0/?language=en
ld7.pdf,ld7.pdf,"Duke Power Presentation August 11, 1995",Carolina Raptor Center,1995,Presentation for Duke Power Company at CRC.,raptors; wildlife; conservation,"Huntersville, NC; USA.",Carolina Raptor Center archives. carolinaraptorcenter.org.,application/pdf,Image;StillImage,ld7,eng,"This Item is protected by copyright and/or related rights. You are free to use this Item in any way that is permitted by the copyright and related rights legislation that applies to your use. In addition, no permission is required from the rights-holder(s) for educational uses. For other uses, you need to obtain permission from the rights-holder(s).",https://rightsstatements.org/page/InC-EDU/1.0/?language=en
ld8.pdf,ld8.pdf,"Duke Power Presentation and Release August 11, 1995",Carolina Raptor Center,1995,Presentation and release for Duke Power Company at CRC.,raptors; wildlife; conservation,"Huntersville, NC; USA.",Carolina Raptor Center archives. carolinaraptorcenter.org.,application/pdf,Image;StillImage,ld8,eng,"This Item is protected by copyright and/or related rights. You are free to use this Item in any way that is permitted by the copyright and related rights legislation that applies to your use. In addition, no permission is required from the rights-holder(s) for educational uses. For other uses, you need to obtain permission from the rights-holder(s).",https://rightsstatements.org/page/InC-EDU/1.0/?language=en
ld9.pdf,ld9.pdf,Eagle Aviary 1998 (2),Carolina Raptor Center,1998,"Constructing a new eagle aviary in 1998 at CRC in Huntersville, NC.",raptors; wildlife; conservation,"Huntersville, NC; USA.",Carolina Raptor Center archives. carolinaraptorcenter.org.,application/pdf,Image;StillImage,ld9,eng,"This Item is protected by copyright and/or related rights. You are free to use this Item in any way that is permitted by the copyright and related rights legislation that applies to your use. In addition, no permission is required from the rights-holder(s) for educational uses. For other uses, you need to obtain permission from the rights-holder(s).",https://rightsstatements.org/page/InC-EDU/1.0/?language=en
ld10.pdf,ld10.pf,Eagle Aviary 1998,Carolina Raptor Center,1998,"Constructing a new eagle aviary in 1998 at CRC in Huntersville, NC.",raptors; wildlife; conservation,"Huntersville, NC; USA.",Carolina Raptor Center archives. carolinaraptorcenter.org.,application/pdf,Image;StillImage,ld10,eng,"This Item is protected by copyright and/or related rights. You are free to use this Item in any way that is permitted by the copyright and related rights legislation that applies to your use. In addition, no permission is required from the rights-holder(s) for educational uses. For other uses, you need to obtain permission from the rights-holder(s).",https://rightsstatements.org/page/InC-EDU/1.0/?language=en
ld11.pdf,ld11.pdf,Eagle Work Day 1998,Carolina Raptor Center,1998,"Constructing a new eagle aviary in 1998 at CRC in Huntersville, NC.",raptors; wildlife; conservation,"Huntersville, NC; USA.",Carolina Raptor Center archives. carolinaraptorcenter.org.,application/pdf,Image;StillImage,ld11,eng,"This Item is protected by copyright and/or related rights. You are free to use this Item in any way that is permitted by the copyright and related rights legislation that applies to your use. In addition, no permission is required from the rights-holder(s) for educational uses. For other uses, you need to obtain permission from the rights-holder(s).",https://rightsstatements.org/page/InC-EDU/1.0/?language=en
ld12.pdf,ld12.pdf,Earth Day 1990 Gastonia Schiele Museum,Carolina Raptor Center,1990,"Outreach at Earth Day event at Schiele Museum in Gastonia, NC.",raptors; wildlife; conservation,"Huntersville, NC; USA.",Carolina Raptor Center archives. carolinaraptorcenter.org.,application/pdf,Image;StillImage,ld12,eng,"This Item is protected by copyright and/or related rights. You are free to use this Item in any way that is permitted by the copyright and related rights legislation that applies to your use. In addition, no permission is required from the rights-holder(s) for educational uses. For other uses, you need to obtain permission from the rights-holder(s).",https://rightsstatements.org/page/InC-EDU/1.0/?language=en
ld13.pdf,ld13.pdf,Earth Day 1990,Carolina Raptor Center,1990,Earth Day outreach.,raptors; wildlife; conservation,"Huntersville, NC; USA.",Carolina Raptor Center archives. carolinaraptorcenter.org.,application/pdf,Image;StillImage,ld13,eng,"This Item is protected by copyright and/or related rights. You are free to use this Item in any way that is permitted by the copyright and related rights legislation that applies to your use. In addition, no permission is required from the rights-holder(s) for educational uses. For other uses, you need to obtain permission from the rights-holder(s).",https://rightsstatements.org/page/InC-EDU/1.0/?language=en
ld14.pdf,ld14.pdf,"Earth Day April 23, 1994",Carolina Raptor Center,1994,CRC Outreach at Earth Day event. ,raptors; wildlife; conservation,"Huntersville, NC; USA.",Carolina Raptor Center archives. carolinaraptorcenter.org.,application/pdf,Image;StillImage,ld14,eng,"This Item is protected by copyright and/or related rights. You are free to use this Item in any way that is permitted by the copyright and related rights legislation that applies to your use. In addition, no permission is required from the rights-holder(s) for educational uses. For other uses, you need to obtain permission from the rights-holder(s).",https://rightsstatements.org/page/InC-EDU/1.0/?language=en
ld15.pdf,ld15.pdf,"Education Building September 19, 1997",Carolina Raptor Center,1997,"New education building at CRC in Huntersville, NC.",raptors; wildlife; conservation,"Huntersville, NC; USA.",Carolina Raptor Center archives. carolinaraptorcenter.org.,application/pdf,Image;StillImage,ld15,eng,"This Item is protected by copyright and/or related rights. You are free to use this Item in any way that is permitted by the copyright and related rights legislation that applies to your use. In addition, no permission is required from the rights-holder(s) for educational uses. For other uses, you need to obtain permission from the rights-holder(s).",https://rightsstatements.org/page/InC-EDU/1.0/?language=en
ld16.pdf,ld16.pdf,Festival in the Park 2000,Carolina Raptor Center,2000,CRC outreach at Festival in the Park event.,raptors; wildlife; conservation,"Huntersville, NC; USA.",Carolina Raptor Center archives. carolinaraptorcenter.org.,application/pdf,Image;StillImage,ld16,eng,"This Item is protected by copyright and/or related rights. You are free to use this Item in any way that is permitted by the copyright and related rights legislation that applies to your use. In addition, no permission is required from the rights-holder(s) for educational uses. For other uses, you need to obtain permission from the rights-holder(s).",https://rightsstatements.org/page/InC-EDU/1.0/?language=en
ld17.pdf,ld17.pdf,"First Night December 3, 1994",Carolina Raptor Center,1994,CRC Outreach at First Night Christmas event.,raptors; wildlife; conservation,"Huntersville, NC; USA.",Carolina Raptor Center archives. carolinaraptorcenter.org.,application/pdf,Image;StillImage,ld17,eng,"This Item is protected by copyright and/or related rights. You are free to use this Item in any way that is permitted by the copyright and related rights legislation that applies to your use. In addition, no permission is required from the rights-holder(s) for educational uses. For other uses, you need to obtain permission from the rights-holder(s).",https://rightsstatements.org/page/InC-EDU/1.0/?language=en
ld18.pdf,ld18.pdf,"Gaston Mall Giving Program March 19,1994",Carolina Raptor Center,1994,"CRC Outreach at Gaston Mall Giving Program in Gastonia, NC.",raptors; wildlife; conservation,"Huntersville, NC; USA.",Carolina Raptor Center archives. carolinaraptorcenter.org.,application/pdf,Image;StillImage,ld18,eng,"This Item is protected by copyright and/or related rights. You are free to use this Item in any way that is permitted by the copyright and related rights legislation that applies to your use. In addition, no permission is required from the rights-holder(s) for educational uses. For other uses, you need to obtain permission from the rights-holder(s).",https://rightsstatements.org/page/InC-EDU/1.0/?language=en
ld19.pdf,ld19.pdf,General Rehab 1994,Carolina Raptor Center,1994,"CRC raptor rehabilitation Huntersville, NC.",raptors; wildlife; conservation,"Huntersville, NC; USA.",Carolina Raptor Center archives. carolinaraptorcenter.org.,application/pdf,Image;StillImage,ld19,eng,"This Item is protected by copyright and/or related rights. You are free to use this Item in any way that is permitted by the copyright and related rights legislation that applies to your use. In addition, no permission is required from the rights-holder(s) for educational uses. For other uses, you need to obtain permission from the rights-holder(s).",https://rightsstatements.org/page/InC-EDU/1.0/?language=en
ld20.pdf,ld20.pdf,"Gift Shop March 8, 1993",Carolina Raptor Center,1993,"Setting up and opening the new gift shop at CRC in Huntersville, NC.",raptors; wildlife; conservation,"Huntersville, NC; USA.",Carolina Raptor Center archives. carolinaraptorcenter.org.,application/pdf,Image;StillImage,ld20,eng,"This Item is protected by copyright and/or related rights. You are free to use this Item in any way that is permitted by the copyright and related rights legislation that applies to your use. In addition, no permission is required from the rights-holder(s) for educational uses. For other uses, you need to obtain permission from the rights-holder(s).",https://rightsstatements.org/page/InC-EDU/1.0/?language=en
ld21.pdf,ld21.pdf,Greek Festival 1994,Carolina Raptor Center,1994,Outreach at Greek Festival.,raptors; wildlife; conservation,"Huntersville, NC; USA.",Carolina Raptor Center archives. carolinaraptorcenter.org.,application/pdf,Image;StillImage,ld21,eng,"This Item is protected by copyright and/or related rights. You are free to use this Item in any way that is permitted by the copyright and related rights legislation that applies to your use. In addition, no permission is required from the rights-holder(s) for educational uses. For other uses, you need to obtain permission from the rights-holder(s).",https://rightsstatements.org/page/InC-EDU/1.0/?language=en
ld22.pdf,ld22.pdf,Greek Festival August 1994,Carolina Raptor Center,1994,Outreach at Greek Festival.,raptors; wildlife; conservation,"Huntersville, NC; USA.",Carolina Raptor Center archives. carolinaraptorcenter.org.,application/pdf,Image;StillImage,ld22,eng,"This Item is protected by copyright and/or related rights. You are free to use this Item in any way that is permitted by the copyright and related rights legislation that applies to your use. In addition, no permission is required from the rights-holder(s) for educational uses. For other uses, you need to obtain permission from the rights-holder(s).",https://rightsstatements.org/page/InC-EDU/1.0/?language=en
ld23.pdf,ld23.pdf,Impact Fund's Closing Celebration December 2001,Carolina Raptor Center,2001,Outreach at Impact Fund event.,raptors; wildlife; conservation,"Huntersville, NC; USA.",Carolina Raptor Center archives. carolinaraptorcenter.org.,application/pdf,Image;StillImage,ld23,eng,"This Item is protected by copyright and/or related rights. You are free to use this Item in any way that is permitted by the copyright and related rights legislation that applies to your use. In addition, no permission is required from the rights-holder(s) for educational uses. For other uses, you need to obtain permission from the rights-holder(s).",https://rightsstatements.org/page/InC-EDU/1.0/?language=en
ld24.pdf,ld24.pdf,Jazz Charlotte 1993,Carolina Raptor Center,1993,"Outreach at the Jazz Charlotte event in Charlotte, NC.",raptors; wildlife; conservation,"Huntersville, NC; USA.",Carolina Raptor Center archives. carolinaraptorcenter.org.,application/pdf,Image;StillImage,ld24,eng,"This Item is protected by copyright and/or related rights. You are free to use this Item in any way that is permitted by the copyright and related rights legislation that applies to your use. In addition, no permission is required from the rights-holder(s) for educational uses. For other uses, you need to obtain permission from the rights-holder(s).",https://rightsstatements.org/page/InC-EDU/1.0/?language=en
ld25.pdf,ld25.pdf,Jim Fowler 1995,Carolina Raptor Center,1995,"Jim Fowler event at CRC Huntersville, NC.",raptors; wildlife; conservation,"Huntersville, NC; USA.",Carolina Raptor Center archives. carolinaraptorcenter.org.,application/pdf,Image;StillImage,ld25,eng,"This Item is protected by copyright and/or related rights. You are free to use this Item in any way that is permitted by the copyright and related rights legislation that applies to your use. In addition, no permission is required from the rights-holder(s) for educational uses. For other uses, you need to obtain permission from the rights-holder(s).",https://rightsstatements.org/page/InC-EDU/1.0/?language=en
ld26.pdf,ld26.pdf,"Jim Fowler July 21, 1995",Carolina Raptor Center,1995,"Jim Fowler event at CRC Huntersville, NC.",raptors; wildlife; conservation,"Huntersville, NC; USA.",Carolina Raptor Center archives. carolinaraptorcenter.org.,application/pdf,Image;StillImage,ld26,eng,"This Item is protected by copyright and/or related rights. You are free to use this Item in any way that is permitted by the copyright and related rights legislation that applies to your use. In addition, no permission is required from the rights-holder(s) for educational uses. For other uses, you need to obtain permission from the rights-holder(s).",https://rightsstatements.org/page/InC-EDU/1.0/?language=en
ld27.pdf,ld27.pdf,King Veedor,Carolina Raptor Center,90s,"King Veedor vulture event in the 1990s, no exact date.",raptors; wildlife; conservation,"Huntersville, NC; USA.",Carolina Raptor Center archives. carolinaraptorcenter.org.,application/pdf,Image;StillImage,ld27,eng,"This Item is protected by copyright and/or related rights. You are free to use this Item in any way that is permitted by the copyright and related rights legislation that applies to your use. In addition, no permission is required from the rights-holder(s) for educational uses. For other uses, you need to obtain permission from the rights-holder(s).",https://rightsstatements.org/page/InC-EDU/1.0/?language=en
ld28.pdf,ld28.pdf,Labeled CRC Exhibits,Carolina Raptor Center,90s,Various CRC Exhibits at outreach events through the 90s.,raptors; wildlife; conservation,"Huntersville, NC; USA.",Carolina Raptor Center archives. carolinaraptorcenter.org.,application/pdf,Image;StillImage,ld28,eng,"This Item is protected by copyright and/or related rights. You are free to use this Item in any way that is permitted by the copyright and related rights legislation that applies to your use. In addition, no permission is required from the rights-holder(s) for educational uses. For other uses, you need to obtain permission from the rights-holder(s).",https://rightsstatements.org/page/InC-EDU/1.0/?language=en
ld29.pdf,ld29.pdf,"Lejeune High School Earth Day May 1, 1992",Carolina Raptor Center,1992,"Earth Day outreach Lejeune High School at Camp Lejeune, NC.",raptors; wildlife; conservation,"Huntersville, NC; USA.",Carolina Raptor Center archives. carolinaraptorcenter.org.,application/pdf,Image;StillImage,ld29,eng,"This Item is protected by copyright and/or related rights. You are free to use this Item in any way that is permitted by the copyright and related rights legislation that applies to your use. In addition, no permission is required from the rights-holder(s) for educational uses. For other uses, you need to obtain permission from the rights-holder(s).",https://rightsstatements.org/page/InC-EDU/1.0/?language=en
ld30.pdf,ld30.pdf,"Livingston Eagle Aviary April 24, 1998",Carolina Raptor Center,1998,"Opening of the Livingston Eagle Aviary at CRC in Huntersville, NC.",raptors; wildlife; conservation,"Huntersville, NC; USA.",Carolina Raptor Center archives. carolinaraptorcenter.org.,application/pdf,Image;StillImage,ld30,eng,"This Item is protected by copyright and/or related rights. You are free to use this Item in any way that is permitted by the copyright and related rights legislation that applies to your use. In addition, no permission is required from the rights-holder(s) for educational uses. For other uses, you need to obtain permission from the rights-holder(s).",https://rightsstatements.org/page/InC-EDU/1.0/?language=en
ld31.pdf,ld31.pdf,"Matthew's Cage April 28, 1988",Carolina Raptor Center,1988,"Building enclosure at CRC in Huntersville, NC.",raptors; wildlife; conservation,"Huntersville, NC; USA.",Carolina Raptor Center archives. carolinaraptorcenter.org.,application/pdf,Image;StillImage,ld31,eng,"This Item is protected by copyright and/or related rights. You are free to use this Item in any way that is permitted by the copyright and related rights legislation that applies to your use. In addition, no permission is required from the rights-holder(s) for educational uses. For other uses, you need to obtain permission from the rights-holder(s).",https://rightsstatements.org/page/InC-EDU/1.0/?language=en
ld32.pdf,ld32.pdf,Merle Watson April 1992,Carolina Raptor Center,1992,Outreach at Merle Watson event.,raptors; wildlife; conservation,"Huntersville, NC; USA.",Carolina Raptor Center archives. carolinaraptorcenter.org.,application/pdf,Image;StillImage,ld32,eng,"This Item is protected by copyright and/or related rights. You are free to use this Item in any way that is permitted by the copyright and related rights legislation that applies to your use. In addition, no permission is required from the rights-holder(s) for educational uses. For other uses, you need to obtain permission from the rights-holder(s).",https://rightsstatements.org/page/InC-EDU/1.0/?language=en
ld33.pdf,ld33.pdf,Merle Watson April 25-26 1992,Carolina Raptor Center,1992,Outreach at Merle Watson event.,raptors; wildlife; conservation,"Huntersville, NC; USA.",Carolina Raptor Center archives. carolinaraptorcenter.org.,application/pdf,Image;StillImage,ld33,eng,"This Item is protected by copyright and/or related rights. You are free to use this Item in any way that is permitted by the copyright and related rights legislation that applies to your use. In addition, no permission is required from the rights-holder(s) for educational uses. For other uses, you need to obtain permission from the rights-holder(s).",https://rightsstatements.org/page/InC-EDU/1.0/?language=en
ld34.pdf,ld34.pdf,"NCSTA Annual Meeting in High Point, NC November 1993",Carolina Raptor Center,1993,"NCSTA Annual Meeting and outreach in High Point, NC.",raptors; wildlife; conservation,"Huntersville, NC; USA.",Carolina Raptor Center archives. carolinaraptorcenter.org.,application/pdf,Image;StillImage,ld34,eng,"This Item is protected by copyright and/or related rights. You are free to use this Item in any way that is permitted by the copyright and related rights legislation that applies to your use. In addition, no permission is required from the rights-holder(s) for educational uses. For other uses, you need to obtain permission from the rights-holder(s).",https://rightsstatements.org/page/InC-EDU/1.0/?language=en
ld35.pdf,ld35.pdf,Nest Site 1997,Carolina Raptor Center,1997,Nesting site research.,raptors; wildlife; conservation,"Huntersville, NC; USA.",Carolina Raptor Center archives. carolinaraptorcenter.org.,application/pdf,Image;StillImage,ld35,eng,"This Item is protected by copyright and/or related rights. You are free to use this Item in any way that is permitted by the copyright and related rights legislation that applies to your use. In addition, no permission is required from the rights-holder(s) for educational uses. For other uses, you need to obtain permission from the rights-holder(s).",https://rightsstatements.org/page/InC-EDU/1.0/?language=en
ld36.pdf,ld36.pdf,Old Timey Car Show 90s,Carolina Raptor Center,90s,"Antique Car Show at CRC in Huntersville, NC. in the 90s, no exact date.",raptors; wildlife; conservation,"Huntersville, NC; USA.",Carolina Raptor Center archives. carolinaraptorcenter.org.,application/pdf,Image;StillImage,ld36,eng,"This Item is protected by copyright and/or related rights. You are free to use this Item in any way that is permitted by the copyright and related rights legislation that applies to your use. In addition, no permission is required from the rights-holder(s) for educational uses. For other uses, you need to obtain permission from the rights-holder(s).",https://rightsstatements.org/page/InC-EDU/1.0/?language=en
ld37.pdf,ld37.pdf,Pat Marcum November 1994,Carolina Raptor Center,1994,"Pat Marcum event at CRC in Huntersville, NC.",raptors; wildlife; conservation,"Huntersville, NC; USA.",Carolina Raptor Center archives. carolinaraptorcenter.org.,application/pdf,Image;StillImage,ld37,eng,"This Item is protected by copyright and/or related rights. You are free to use this Item in any way that is permitted by the copyright and related rights legislation that applies to your use. In addition, no permission is required from the rights-holder(s) for educational uses. For other uses, you need to obtain permission from the rights-holder(s).",https://rightsstatements.org/page/InC-EDU/1.0/?language=en
ld38.pdf,ld38.pdf,Program 2001,Carolina Raptor Center,2001,Outreach program 2001.,raptors; wildlife; conservation,"Huntersville, NC; USA.",Carolina Raptor Center archives. carolinaraptorcenter.org.,application/pdf,Image;StillImage,ld38,eng,"This Item is protected by copyright and/or related rights. You are free to use this Item in any way that is permitted by the copyright and related rights legislation that applies to your use. In addition, no permission is required from the rights-holder(s) for educational uses. For other uses, you need to obtain permission from the rights-holder(s).",https://rightsstatements.org/page/InC-EDU/1.0/?language=en
ld39.pdf,ld39.pdf,"Rehab Cage completed by Eric Houck April 28, 1988",Carolina Raptor Center,1988,"Rehab Cage built by Eric Houck at CRC in Huntersville, NC.",raptors; wildlife; conservation,"Huntersville, NC; USA.",Carolina Raptor Center archives. carolinaraptorcenter.org.,application/pdf,Image;StillImage,ld39,eng,"This Item is protected by copyright and/or related rights. You are free to use this Item in any way that is permitted by the copyright and related rights legislation that applies to your use. In addition, no permission is required from the rights-holder(s) for educational uses. For other uses, you need to obtain permission from the rights-holder(s).",https://rightsstatements.org/page/InC-EDU/1.0/?language=en
ld40.pdf,ld40.pdf,"Rehab Seminar January 27-28, 1995 (2)",Carolina Raptor Center,1995,CRC teaching raptor rehabilitation seminar.,raptors; wildlife; conservation,"Huntersville, NC; USA.",Carolina Raptor Center archives. carolinaraptorcenter.org.,application/pdf,Image;StillImage,ld40,eng,"This Item is protected by copyright and/or related rights. You are free to use this Item in any way that is permitted by the copyright and related rights legislation that applies to your use. In addition, no permission is required from the rights-holder(s) for educational uses. For other uses, you need to obtain permission from the rights-holder(s).",https://rightsstatements.org/page/InC-EDU/1.0/?language=en
ld41.pdf,ld41.pdf,"Rehab Seminar January 27-28, 1995",Carolina Raptor Center,1995,CRC teaching raptor rehabilitation seminar.,raptors; wildlife; conservation,"Huntersville, NC; USA.",Carolina Raptor Center archives. carolinaraptorcenter.org.,application/pdf,Image;StillImage,ld41,eng,"This Item is protected by copyright and/or related rights. You are free to use this Item in any way that is permitted by the copyright and related rights legislation that applies to your use. In addition, no permission is required from the rights-holder(s) for educational uses. For other uses, you need to obtain permission from the rights-holder(s).",https://rightsstatements.org/page/InC-EDU/1.0/?language=en
ld42.pdf,ld42.pdf,Rehab Seminar 1995,Carolina Raptor Center,1995,CRC teaching raptor rehabilitation seminar.,raptors; wildlife; conservation,"Huntersville, NC; USA.",Carolina Raptor Center archives. carolinaraptorcenter.org.,application/pdf,Image;StillImage,ld42,eng,"This Item is protected by copyright and/or related rights. You are free to use this Item in any way that is permitted by the copyright and related rights legislation that applies to your use. In addition, no permission is required from the rights-holder(s) for educational uses. For other uses, you need to obtain permission from the rights-holder(s).",https://rightsstatements.org/page/InC-EDU/1.0/?language=en
ld43.pdf,ld43.pdf,Rehab Work 1987,Carolina Raptor Center,1987,"Raptor rehabilitation at CRC in Huntersville, NC.",raptors; wildlife; conservation,"Huntersville, NC; USA.",Carolina Raptor Center archives. carolinaraptorcenter.org.,application/pdf,Image;StillImage,ld43,eng,"This Item is protected by copyright and/or related rights. You are free to use this Item in any way that is permitted by the copyright and related rights legislation that applies to your use. In addition, no permission is required from the rights-holder(s) for educational uses. For other uses, you need to obtain permission from the rights-holder(s).",https://rightsstatements.org/page/InC-EDU/1.0/?language=en
ld44.pdf,ld44.pdf,Rehab and Programs 1994,Carolina Raptor Center,1994,"CRC rehabilitation and programs in Hunterville, NC.",raptors; wildlife; conservation,"Huntersville, NC; USA.",Carolina Raptor Center archives. carolinaraptorcenter.org.,application/pdf,Image;StillImage,ld44,eng,"This Item is protected by copyright and/or related rights. You are free to use this Item in any way that is permitted by the copyright and related rights legislation that applies to your use. In addition, no permission is required from the rights-holder(s) for educational uses. For other uses, you need to obtain permission from the rights-holder(s).",https://rightsstatements.org/page/InC-EDU/1.0/?language=en
ld45.pdf,ld45.pdf,Release April 2001,Carolina Raptor Center,2001,Raptor release.,raptors; wildlife; conservation,"Huntersville, NC; USA.",Carolina Raptor Center archives. carolinaraptorcenter.org.,application/pdf,Image;StillImage,ld45,eng,"This Item is protected by copyright and/or related rights. You are free to use this Item in any way that is permitted by the copyright and related rights legislation that applies to your use. In addition, no permission is required from the rights-holder(s) for educational uses. For other uses, you need to obtain permission from the rights-holder(s).",https://rightsstatements.org/page/InC-EDU/1.0/?language=en
ld46.pdf,ld46.pdf,Ren Faire October 1994,Carolina Raptor Center,1994,"Ren Faire outreach in Huntersville, NC.",raptors; wildlife; conservation,"Huntersville, NC; USA.",Carolina Raptor Center archives. carolinaraptorcenter.org.,application/pdf,Image;StillImage,ld46,eng,"This Item is protected by copyright and/or related rights. You are free to use this Item in any way that is permitted by the copyright and related rights legislation that applies to your use. In addition, no permission is required from the rights-holder(s) for educational uses. For other uses, you need to obtain permission from the rights-holder(s).",https://rightsstatements.org/page/InC-EDU/1.0/?language=en
ld47.pdf,ld47.pdf,Renaissance Festival 1995,Carolina Raptor Center,1995,"Ren Faire outreach in Huntersville, NC.",raptors; wildlife; conservation,"Huntersville, NC; USA.",Carolina Raptor Center archives. carolinaraptorcenter.org.,application/pdf,Image;StillImage,ld47,eng,"This Item is protected by copyright and/or related rights. You are free to use this Item in any way that is permitted by the copyright and related rights legislation that applies to your use. In addition, no permission is required from the rights-holder(s) for educational uses. For other uses, you need to obtain permission from the rights-holder(s).",https://rightsstatements.org/page/InC-EDU/1.0/?language=en
ld48.pdf,ld48.pdf,Ride for Raptors 1998,Carolina Raptor Center,1998,Ride for Raptors biking fundraiser event.,raptors; wildlife; conservation,"Huntersville, NC; USA.",Carolina Raptor Center archives. carolinaraptorcenter.org.,application/pdf,Image;StillImage,ld48,eng,"This Item is protected by copyright and/or related rights. You are free to use this Item in any way that is permitted by the copyright and related rights legislation that applies to your use. In addition, no permission is required from the rights-holder(s) for educational uses. For other uses, you need to obtain permission from the rights-holder(s).",https://rightsstatements.org/page/InC-EDU/1.0/?language=en
ld49.pdf,ld49.pdf,SEWE 1992,Carolina Raptor Center,1992,Outreach at SEWE event.,raptors; wildlife; conservation,"Huntersville, NC; USA.",Carolina Raptor Center archives. carolinaraptorcenter.org.,application/pdf,Image;StillImage,ld49,eng,"This Item is protected by copyright and/or related rights. You are free to use this Item in any way that is permitted by the copyright and related rights legislation that applies to your use. In addition, no permission is required from the rights-holder(s) for educational uses. For other uses, you need to obtain permission from the rights-holder(s).",https://rightsstatements.org/page/InC-EDU/1.0/?language=en
ld50.pdf,ld50.pdf,SEWE 1995,Carolina Raptor Center,1995,Outreach at SEWE event.,raptors; wildlife; conservation,"Huntersville, NC; USA.",Carolina Raptor Center archives. carolinaraptorcenter.org.,application/pdf,Image;StillImage,ld50,eng,"This Item is protected by copyright and/or related rights. You are free to use this Item in any way that is permitted by the copyright and related rights legislation that applies to your use. In addition, no permission is required from the rights-holder(s) for educational uses. For other uses, you need to obtain permission from the rights-holder(s).",https://rightsstatements.org/page/InC-EDU/1.0/?language=en
ld51.pdf,ld51.pdf,SEWE 1996,Carolina Raptor Center,1996,Outreach at SEWE event.,raptors; wildlife; conservation,"Huntersville, NC; USA.",Carolina Raptor Center archives. carolinaraptorcenter.org.,application/pdf,Image;StillImage,ld51,eng,"This Item is protected by copyright and/or related rights. You are free to use this Item in any way that is permitted by the copyright and related rights legislation that applies to your use. In addition, no permission is required from the rights-holder(s) for educational uses. For other uses, you need to obtain permission from the rights-holder(s).",https://rightsstatements.org/page/InC-EDU/1.0/?language=en
ld52.pdf,ld52.pdf,Second Generation Cages 1993,Carolina Raptor Center,1993,"Updated bird enclosures at CRC in Huntersville, NC.",raptors; wildlife; conservation,"Huntersville, NC; USA.",Carolina Raptor Center archives. carolinaraptorcenter.org.,application/pdf,Image;StillImage,ld52,eng,"This Item is protected by copyright and/or related rights. You are free to use this Item in any way that is permitted by the copyright and related rights legislation that applies to your use. In addition, no permission is required from the rights-holder(s) for educational uses. For other uses, you need to obtain permission from the rights-holder(s).",https://rightsstatements.org/page/InC-EDU/1.0/?language=en
ld53.pdf,ld53.pdf,Southern Spring Show 1994,Carolina Raptor Center,1994,Outreach at Southern Spring Show event.,raptors; wildlife; conservation,"Huntersville, NC; USA.",Carolina Raptor Center archives. carolinaraptorcenter.org.,application/pdf,Image;StillImage,ld53,eng,"This Item is protected by copyright and/or related rights. You are free to use this Item in any way that is permitted by the copyright and related rights legislation that applies to your use. In addition, no permission is required from the rights-holder(s) for educational uses. For other uses, you need to obtain permission from the rights-holder(s).",https://rightsstatements.org/page/InC-EDU/1.0/?language=en
ld54.pdf,ld54.pdf,"TLC Pets May 8, 1994",Carolina Raptor Center,1994,Outreach at TLC Pets event.,raptors; wildlife; conservation,"Huntersville, NC; USA.",Carolina Raptor Center archives. carolinaraptorcenter.org.,application/pdf,Image;StillImage,ld54,eng,"This Item is protected by copyright and/or related rights. You are free to use this Item in any way that is permitted by the copyright and related rights legislation that applies to your use. In addition, no permission is required from the rights-holder(s) for educational uses. For other uses, you need to obtain permission from the rights-holder(s).",https://rightsstatements.org/page/InC-EDU/1.0/?language=en
ld55.pdf,ld55.pdf,Various 1981-1988,Carolina Raptor Center,1981-1988,"Various photos of CRC events and programs from 1981-1988 in Huntersville, NC.",raptors; wildlife; conservation,"Huntersville, NC; USA.",Carolina Raptor Center archives. carolinaraptorcenter.org.,application/pdf,Image;StillImage,ld55,eng,"This Item is protected by copyright and/or related rights. You are free to use this Item in any way that is permitted by the copyright and related rights legislation that applies to your use. In addition, no permission is required from the rights-holder(s) for educational uses. For other uses, you need to obtain permission from the rights-holder(s).",https://rightsstatements.org/page/InC-EDU/1.0/?language=en
ld56.pdf,ld56.pdf,Various 1990-1997,Carolina Raptor Center,1990-1997,"Various photos of CRC events and programs from 1990-1997 in Huntersville, NC.",raptors; wildlife; conservation,"Huntersville, NC; USA.",Carolina Raptor Center archives. carolinaraptorcenter.org.,application/pdf,Image;StillImage,ld56,eng,"This Item is protected by copyright and/or related rights. You are free to use this Item in any way that is permitted by the copyright and related rights legislation that applies to your use. In addition, no permission is required from the rights-holder(s) for educational uses. For other uses, you need to obtain permission from the rights-holder(s).",https://rightsstatements.org/page/InC-EDU/1.0/?language=en
ld57.pdf,ld57.pdf,Various 80s and 90s,Carolina Raptor Center,80s-90s,"Various photos of CRC events and programs in the 80s and 90s. Huntersville, NC.",raptors; wildlife; conservation,"Huntersville, NC; USA.",Carolina Raptor Center archives. carolinaraptorcenter.org.,application/pdf,Image;StillImage,ld57,eng,"This Item is protected by copyright and/or related rights. You are free to use this Item in any way that is permitted by the copyright and related rights legislation that applies to your use. In addition, no permission is required from the rights-holder(s) for educational uses. For other uses, you need to obtain permission from the rights-holder(s).",https://rightsstatements.org/page/InC-EDU/1.0/?language=en 
ld58.pdf,ld58.pdf,Various 80s and 90s (2),Carolina Raptor Center,80s-90s,"Various photos of CRC events and programs in the 80s and 90s. Huntersville, NC.",raptors; wildlife; conservation,"Huntersville, NC; USA.",Carolina Raptor Center archives. carolinaraptorcenter.org.,application/pdf,Image;StillImage,ld58,eng,"This Item is protected by copyright and/or related rights. You are free to use this Item in any way that is permitted by the copyright and related rights legislation that applies to your use. In addition, no permission is required from the rights-holder(s) for educational uses. For other uses, you need to obtain permission from the rights-holder(s).",https://rightsstatements.org/page/InC-EDU/1.0/?language=en
ld59.pdf,ld59.pdf,Various 80s and 90s (3),Carolina Raptor Center,80s-90s,"Various photos of CRC events and programs in the 80s and 90s. Huntersville, NC.",raptors; wildlife; conservation,"Huntersville, NC; USA.",Carolina Raptor Center archives. carolinaraptorcenter.org.,application/pdf,Image;StillImage,ld59,eng,"This Item is protected by copyright and/or related rights. You are free to use this Item in any way that is permitted by the copyright and related rights legislation that applies to your use. In addition, no permission is required from the rights-holder(s) for educational uses. For other uses, you need to obtain permission from the rights-holder(s).",https://rightsstatements.org/page/InC-EDU/1.0/?language=en
ld60.pdf,ld60.pdf,Various Events 1994,Carolina Raptor Center,1994,Various CRC events.,raptors; wildlife; conservation,"Huntersville, NC; USA.",Carolina Raptor Center archives. carolinaraptorcenter.org.,application/pdf,Image;StillImage,ld60,eng,"This Item is protected by copyright and/or related rights. You are free to use this Item in any way that is permitted by the copyright and related rights legislation that applies to your use. In addition, no permission is required from the rights-holder(s) for educational uses. For other uses, you need to obtain permission from the rights-holder(s).",https://rightsstatements.org/page/InC-EDU/1.0/?language=en
ld61.pdf,ld61.pdf,Volunteer Pictures 1995,Carolina Raptor Center,1995,"Pictures of CRC volunteer events, Huntersville, NC.",raptors; wildlife; conservation,"Huntersville, NC; USA.",Carolina Raptor Center archives. carolinaraptorcenter.org.,application/pdf,Image;StillImage,ld61,eng,"This Item is protected by copyright and/or related rights. You are free to use this Item in any way that is permitted by the copyright and related rights legislation that applies to your use. In addition, no permission is required from the rights-holder(s) for educational uses. For other uses, you need to obtain permission from the rights-holder(s).",https://rightsstatements.org/page/InC-EDU/1.0/?language=en
ld62.pdf,ld62.pdf,WTVI Phonathon 1990,Carolina Raptor Center,1990,Network phonation outreach event.,raptors; wildlife; conservation,"Huntersville, NC; USA.",Carolina Raptor Center archives. carolinaraptorcenter.org.,application/pdf,Image;StillImage,ld62,eng,"This Item is protected by copyright and/or related rights. You are free to use this Item in any way that is permitted by the copyright and related rights legislation that applies to your use. In addition, no permission is required from the rights-holder(s) for educational uses. For other uses, you need to obtain permission from the rights-holder(s).",https://rightsstatements.org/page/InC-EDU/1.0/?language=en
ld63.pdf,ld63.pdf,Weathering Area 1991-1995,Carolina Raptor Center,1991-1995,"Weathering Area at CRC, Huntersville, NC.",raptors; wildlife; conservation,"Huntersville, NC; USA.",Carolina Raptor Center archives. carolinaraptorcenter.org.,application/pdf,Image;StillImage,ld63,eng,"This Item is protected by copyright and/or related rights. You are free to use this Item in any way that is permitted by the copyright and related rights legislation that applies to your use. In addition, no permission is required from the rights-holder(s) for educational uses. For other uses, you need to obtain permission from the rights-holder(s).",https://rightsstatements.org/page/InC-EDU/1.0/?language=en
ld64.pdf,ld64.pdf,Weathering Area 90s,Carolina Raptor Center,90s,"Weathering Area at CRC, Huntersville, NC. No exact date.",raptors; wildlife; conservation,"Huntersville, NC; USA.",Carolina Raptor Center archives. carolinaraptorcenter.org.,application/pdf,Image;StillImage,ld64,eng,"This Item is protected by copyright and/or related rights. You are free to use this Item in any way that is permitted by the copyright and related rights legislation that applies to your use. In addition, no permission is required from the rights-holder(s) for educational uses. For other uses, you need to obtain permission from the rights-holder(s).",https://rightsstatements.org/page/InC-EDU/1.0/?language=en
ld65.pdf,ld65.pdf,Weathering Area August 1992,Carolina Raptor Center,1992,"Weathering Area at CRC, Huntersville, NC.",raptors; wildlife; conservation,"Huntersville, NC; USA.",Carolina Raptor Center archives. carolinaraptorcenter.org.,application/pdf,Image;StillImage,ld65,eng,"This Item is protected by copyright and/or related rights. You are free to use this Item in any way that is permitted by the copyright and related rights legislation that applies to your use. In addition, no permission is required from the rights-holder(s) for educational uses. For other uses, you need to obtain permission from the rights-holder(s).",https://rightsstatements.org/page/InC-EDU/1.0/?language=en
ld66.pdf,ld66.pdf,Weathering Area July 1994,Carolina Raptor Center,1994,"Weathering Area at CRC, Huntersville, NC.",raptors; wildlife; conservation,"Huntersville, NC; USA.",Carolina Raptor Center archives. carolinaraptorcenter.org.,application/pdf,Image;StillImage,ld66,eng,"This Item is protected by copyright and/or related rights. You are free to use this Item in any way that is permitted by the copyright and related rights legislation that applies to your use. In addition, no permission is required from the rights-holder(s) for educational uses. For other uses, you need to obtain permission from the rights-holder(s).",https://rightsstatements.org/page/InC-EDU/1.0/?language=en
ld67.pdf,ld67.pdf,Wild Animal Store Gastonia August 1994,Carolina Raptor Center,1994,"Outreach at Wild Animal Store in Gastonia, NC.",raptors; wildlife; conservation,"Huntersville, NC; USA.",Carolina Raptor Center archives. carolinaraptorcenter.org.,application/pdf,Image;StillImage,ld67,eng,"This Item is protected by copyright and/or related rights. You are free to use this Item in any way that is permitted by the copyright and related rights legislation that applies to your use. In addition, no permission is required from the rights-holder(s) for educational uses. For other uses, you need to obtain permission from the rights-holder(s).",https://rightsstatements.org/page/InC-EDU/1.0/?language=en